Designator,Footprint,Quantity,Value,LCSC Part #
"_8980, _8979, _8978, _8977, _8976, _8975, _8974, _8973, _8972, _8971, _8970, _8969, _8968, _8967, _8966, _8965, _8964, _8963, _8962, _8961, _8960, _8959, _8958, _8957, _8956, _8955, _8954, _8953, _8952, _8951, _8950, _8949, _8948, _8947, _8946, _8945, _8944, _8943, _8942, _8941, _8940, _8939, _8938, _8937, _8936, _8935, _8934, _8933, _8932, _8931, _8930, _8929, _8928, _8927, _8926, _8925, _8924, _8923, _8922, _8921, _8920, _8919, _8918, _8917, _8916, _8915, _8914, _8913, _8912, _8911, _8910, _8909, _8908, _8907, _8906, _8905, _8904, _8903, _8902, _8901, _8900, _8899, _8898, _8897, _8896, _8895, _8894, _8893, _8892, _8891, _8890, _8889, _8888, _8887, _8886, _8885, _8884, _8883, _8882, _8881, _8880, _8879, _8878, _8877, _8876, _8875, _8874, _8873, _8872, _8871, _8870, _8869, _8868, _8867, _8866, _8865, _8864, _8863, _8862, _8861, _8860, _8859, _8858, _8857, _8856, _8855, _8854, _8853, _8852, _8851, _8850, _8849, _8848, _8847, _8846, _8845, _8844, _8843, _8842, _8841, _8840, _8839, _8838, _8837, _8836, _8835, _8834, _8833, _8832, _8831, _8830, _8829, _8828, _8827, _8826, _8825, _8824, _8823, _8822, _8821, _8820, _8819, _8818, _8817, _8816, _8815, _8814, _8813, _8812, _8811, _8810, _8809, _8808, _8807, _8806, _8805, _8804, _8803, _8802, _8801, _8800, _8799, _8798, _8797, _8796, _8795, _8794, _8793, _8792, _8791, _8790, _8789, _8788, _8787, _8786, _8785, _8784, _8783, _8782, _8781",,200,,
"_8780, _8779, _8778, _8777, _8776, _8775, _8774, _8773, _8772, _8771, _8770, _8769, _8768, _8767, _8766, _8765, _8764, _8763, _8762, _8761, _8760, _8759, _8758, _8757, _8756, _8755, _8754, _8753, _8752, _8751, _8750, _8749, _8748, _8747, _8746, _8745, _8744, _8743, _8742, _8741, _8740, _8739, _8738, _8737, _8736, _8735, _8734, _8733, _8732, _8731, _8730, _8729, _8728, _8727, _8726, _8725, _8724, _8723, _8722, _8721, _8720, _8719, _8718, _8717, _8716, _8715, _8714, _8713, _8712, _8711, _8710, _8709, _8708, _8707, _8706, _8705, _8704, _8703, _8702, _8701, _8700, _8699, _8698, _8697, _8696, _8695, _8694, _8693, _8692, _8691, _8690, _8689, _8688, _8687, _8686, _8685, _8684, _8683, _8682, _8681, _8680, _8679, _8678, _8677, _8676, _8675, _8674, _8673, _8672, _8671, _8670, _8669, _8668, _8667, _8666, _8665, _8664, _8663, _8662, _8661, _8660, _8659, _8658, _8657, _8656, _8655, _8654, _8653, _8652, _8651, _8650, _8649, _8648, _8647, _8646, _8645, _8644, _8643, _8642, _8641, _8640, _8639, _8638, _8637, _8636, _8635, _8634, _8633, _8632, _8631, _8630, _8629, _8628, _8627, _8626, _8625, _8624, _8623, _8622, _8621, _8620, _8619, _8618, _8617, _8616, _8615, _8614, _8613, _8612, _8611, _8610, _8609, _8608, _8607, _8606, _8605, _8604, _8603, _8602, _8601, _8600, _8599, _8598, _8597, _8596, _8595, _8594, _8593, _8592, _8591, _8590, _8589, _8588, _8587, _8586, _8585, _8584, _8583, _8582, _8581",,200,,
"_8580, _8579, _8578, _8577, _8576, _8575, _8574, _8573, _8572, _8571, _8570, _8569, _8568, _8567, _8566, _8565, _8564, _8563, _8562, _8561, _8560, _8559, _8558, _8557, _8556, _8555, _8554, _8553, _8552, _8551, _8550, _8549, _8548, _8547, _8546, _8545, _8544, _8543, _8542, _8541, _8540, _8539, _8538, _8537, _8536, _8535, _8534, _8533, _8532, _8531, _8530, _8529, _8528, _8527, _8526, _8525, _8524, _8523, _8522, _8521, _8520, _8519, _8518, _8517, _8516, _8515, _8514, _8513, _8512, _8511, _8510, _8509, _8508, _8507, _8506, _8505, _8504, _8503, _8502, _8501, _8500, _8499, _8498, _8497, _8496, _8495, _8494, _8493, _8492, _8491, _8490, _8489, _8488, _8487, _8486, _8485, _8484, _8483, _8482, _8481, _8480, _8479, _8478, _8477, _8476, _8475, _8474, _8473, _8472, _8471, _8470, _8469, _8468, _8467, _8466, _8465, _8464, _8463, _8462, _8461, _8460, _8459, _8458, _8457, _8456, _8455, _8454, _8453, _8452, _8451, _8450, _8449, _8448, _8447, _8446, _8445, _8444, _8443, _8442, _8441, _8440, _8439, _8438, _8437, _8436, _8435, _8434, _8433, _8432, _8431, _8430, _8429, _8428, _8427, _8426, _8425, _8424, _8423, _8422, _8421, _8420, _8419, _8418, _8417, _8416, _8415, _8414, _8413, _8412, _8411, _8410, _8409, _8408, _8407, _8406, _8405, _8404, _8403, _8402, _8401, _8400, _8399, _8398, _8397, _8396, _8395, _8394, _8393, _8392, _8391, _8390, _8389, _8388, _8387, _8386, _8385, _8384, _8383, _8382, _8381",,200,,
"_8380, _8379, _8378, _8377, _8376, _8375, _8374, _8373, _8372, _8371, _8370, _8369, _8368, _8367, _8366, _8365, _8364, _8363, _8362, _8361, _8360, _8359, _8358, _8357, _8356, _8355, _8354, _8353, _8352, _8351, _8350, _8349, _8348, _8347, _8346, _8345, _8344, _8343, _8342, _8341, _8340, _8339, _8338, _8337, _8336, _8335, _8334, _8333, _8332, _8331, _8330, _8329, _8328, _8327, _8326, _8325, _8324, _8323, _8322, _8321, _8320, _8319, _8318, _8317, _8316, _8315, _8314, _8313, _8312, _8311, _8310, _8309, _8308, _8307, _8306, _8305, _8304, _8303, _8302, _8301, _8300, _8299, _8298, _8297, _8296, _8295, _8294, _8293, _8292, _8291, _8290, _8289, _8288, _8287, _8286, _8285, _8284, _8283, _8282, _8281, _8280, _8279, _8278, _8277, _8276, _8275, _8274, _8273, _8272, _8271, _8270, _8269, _8268, _8267, _8266, _8265, _8264, _8263, _8262, _8261, _8260, _8259, _8258, _8257, _8256, _8255, _8254, _8253, _8252, _8251, _8250, _8249, _8248, _8247, _8246, _8245, _8244, _8243, _8242, _8241, _8240, _8239, _8238, _8237, _8236, _8235, _8234, _8233, _8232, _8231, _8230, _8229, _8228, _8227, _8226, _8225, _8224, _8223, _8222, _8221, _8220, _8219, _8218, _8217, _8216, _8215, _8214, _8213, _8212, _8211, _8210, _8209, _8208, _8207, _8206, _8205, _8204, _8203, _8202, _8201, _8200, _8199, _8198, _8197, _8196, _8195, _8194, _8193, _8192, _8191, _8190, _8189, _8188, _8187, _8186, _8185, _8184, _8183, _8182, _8181",,200,,
"_8180, _8179, _8178, _8177, _8176, _8175, _8174, _8173, _8172, _8171, _8170, _8169, _8168, _8167, _8166, _8165, _8164, _8163, _8162, _8161, _8160, _8159, _8158, _8157, _8156, _8155, _8154, _8153, _8152, _8151, _8150, _8149, _8148, _8147, _8146, _8145, _8144, _8143, _8142, _8141, _8140, _8139, _8138, _8137, _8136, _8135, _8134, _8133, _8132, _8131, _8130, _8129, _8128, _8127, _8126, _8125, _8124, _8123, _8122, _8121, _8120, _8119, _8118, _8117, _8116, _8115, _8114, _8113, _8112, _8111, _8110, _8109, _8108, _8107, _8106, _8105, _8104, _8103, _8102, _8101, _8100, _8099, _8098, _8097, _8096, _8095, _8094, _8093, _8092, _8091, _8090, _8089, _8088, _8087, _8086, _8085, _8084, _8083, _8082, _8081, _8080, _8079, _8078, _8077, _8076, _8075, _8074, _8073, _8072, _8071, _8070, _8069, _8068, _8067, _8066, _8065, _8064, _8063, _8062, _8061, _8060, _8059, _8058, _8057, _8056, _8055, _8054, _8053, _8052, _8051, _8050, _8049, _8048, _8047, _8046, _8045, _8044, _8043, _8042, _8041, _8040, _8039, _8038, _8037, _8036, _8035, _8034, _8033, _8032, _8031, _8030, _8029, _8028, _8027, _8026, _8025, _8024, _8023, _8022, _8021, _8020, _8019, _8018, _8017, _8016, _8015, _8014, _8013, _8012, _8011, _8010, _8009, _8008, _8007, _8006, _8005, _8004, _8003, _8002, _8001, _8000, _7999, _7998, _7997, _7996, _7995, _7994, _7993, _7992, _7991, _7990, _7989, _7988, _7987, _7986, _7985, _7984, _7983, _7982, _7981",,200,,
"_7980, _7979, _7978, _7977, _7976, _7975, _7974, _7973, _7972, _7971, _7970, _7969, _7968, _7967, _7966, _7965, _7964, _7963, _7962, _7961, _7960, _7959, _7958, _7957, _7956, _7955, _7954, _7953, _7952, _7951, _7950, _7949, _7948, _7947, _7946, _7945, _7944, _7943, _7942, _7941, _7940, _7939, _7938, _7937, _7936, _7935, _7934, _7933, _7932, _7931, _7930, _7929, _7928, _7927, _7926, _7925, _7924, _7923, _7922, _7921, _7920, _7919, _7918, _7917, _7916, _7915, _7914, _7913, _7912, _7911, _7910, _7909, _7908, _7907, _7906, _7905, _7904, _7903, _7902, _7901, _7900, _7899, _7898, _7897, _7896, _7895, _7894, _7893, _7892, _7891, _7890, _7889, _7888, _7887, _7886, _7885, _7884, _7883, _7882, _7881, _7880, _7879, _7878, _7877, _7876, _7875, _7874, _7873, _7872, _7871, _7870, _7869, _7868, _7867, _7866, _7865, _7864, _7863, _7862, _7861, _7860, _7859, _7858, _7857, _7856, _7855, _7854, _7853, _7852, _7851, _7850, _7849, _7848, _7847, _7846, _7845, _7844, _7843, _7842, _7841, _7840, _7839, _7838, _7837, _7836, _7835, _7834, _7833, _7832, _7831, _7830, _7829, _7828, _7827, _7826, _7825, _7824, _7823, _7822, _7821, _7820, _7819, _7818, _7817, _7816, _7815, _7814, _7813, _7812, _7811, _7810, _7809, _7808, _7807, _7806, _7805, _7804, _7803, _7802, _7801, _7800, _7799, _7798, _7797, _7796, _7795, _7794, _7793, _7792, _7791, _7790, _7789, _7788, _7787, _7786, _7785, _7784, _7783, _7782, _7781",,200,,
"_7780, _7779, _7778, _7777, _7776, _7775, _7774, _7773, _7772, _7771, _7770, _7769, _7768, _7767, _7766, _7765, _7764, _7763, _7762, _7761, _7760, _7759, _7758, _7757, _7756, _7755, _7754, _7753, _7752, _7751, _7750, _7749, _7748, _7747, _7746, _7745, _7744, _7743, _7742, _7741, _7740, _7739, _7738, _7737, _7736, _7735, _7734, _7733, _7732, _7731, _7730, _7729, _7728, _7727, _7726, _7725, _7724, _7723, _7722, _7721, _7720, _7719, _7718, _7717, _7716, _7715, _7714, _7713, _7712, _7711, _7710, _7709, _7708, _7707, _7706, _7705, _7704, _7703, _7702, _7701, _7700, _7699, _7698, _7697, _7696, _7695, _7694, _7693, _7692, _7691, _7690, _7689, _7688, _7687, _7686, _7685, _7684, _7683, _7682, _7681, _7680, _7679, _7678, _7677, _7676, _7675, _7674, _7673, _7672, _7671, _7670, _7669, _7668, _7667, _7666, _7665, _7664, _7663, _7662, _7661, _7660, _7659, _7658, _7657, _7656, _7655, _7654, _7653, _7652, _7651, _7650, _7649, _7648, _7647, _7646, _7645, _7644, _7643, _7642, _7641, _7640, _7639, _7638, _7637, _7636, _7635, _7634, _7633, _7632, _7631, _7630, _7629, _7628, _7627, _7626, _7625, _7624, _7623, _7622, _7621, _7620, _7619, _7618, _7617, _7616, _7615, _7614, _7613, _7612, _7611, _7610, _7609, _7608, _7607, _7606, _7605, _7604, _7603, _7602, _7601, _7600, _7599, _7598, _7597, _7596, _7595, _7594, _7593, _7592, _7591, _7590, _7589, _7588, _7587, _7586, _7585, _7584, _7583, _7582, _7581",,200,,
"_7580, _7579, _7578, _7577, _7576, _7575, _7574, _7573, _7572, _7571, _7570, _7569, _7568, _7567, _7566, _7565, _7564, _7563, _7562, _7561, _7560, _7559, _7558, _7557, _7556, _7555, _7554, _7553, _7552, _7551, _7550, _7549, _7548, _7547, _7546, _7545, _7544, _7543, _7542, _7541, _7540, _7539, _7538, _7537, _7536, _7535, _7534, _7533, _7532, _7531, _7530, _7529, _7528, _7527, _7526, _7525, _7524, _7523, _7522, _7521, _7520, _7519, _7518, _7517, _7516, _7515, _7514, _7513, _7512, _7511, _7510, _7509, _7508, _7507, _7506, _7505, _7504, _7503, _7502, _7501, _7500, _7499, _7498, _7497, _7496, _7495, _7494, _7493, _7492, _7491, _7490, _7489, _7488, _7487, _7486, _7485, _7484, _7483, _7482, _7481, _7480, _7479, _7478, _7477, _7476, _7475, _7474, _7473, _7472, _7471, _7470, _7469, _7468, _7467, _7466, _7465, _7464, _7463, _7462, _7461, _7460, _7459, _7458, _7457, _7456, _7455, _7454, _7453, _7452, _7451, _7450, _7449, _7448, _7447, _7446, _7445, _7444, _7443, _7442, _7441, _7440, _7439, _7438, _7437, _7436, _7435, _7434, _7433, _7432, _7431, _7430, _7429, _7428, _7427, _7426, _7425, _7424, _7423, _7422, _7421, _7420, _7419, _7418, _7417, _7416, _7415, _7414, _7413, _7412, _7411, _7410, _7409, _7408, _7407, _7406, _7405, _7404, _7403, _7402, _7401, _7400, _7399, _7398, _7397, _7396, _7395, _7394, _7393, _7392, _7391, _7390, _7389, _7388, _7387, _7386, _7385, _7384, _7383, _7382, _7381",,200,,
"_7380, _7379, _7378, _7377, _7376, _7375, _7374, _7373, _7372, _7371, _7370, _7369, _7368, _7367, _7366, _7365, _7364, _7363, _7362, _7361, _7360, _7359, _7358, _7357, _7356, _7355, _7354, _7353, _7352, _7351, _7350, _7349, _7348, _7347, _7346, _7345, _7344, _7343, _7342, _7341, _7340, _7339, _7338, _7337, _7336, _7335, _7334, _7333, _7332, _7331, _7330, _7329, _7328, _7327, _7326, _7325, _7324, _7323, _7322, _7321, _7320, _7319, _7318, _7317, _7316, _7315, _7314, _7313, _7312, _7311, _7310, _7309, _7308, _7307, _7306, _7305, _7304, _7303, _7302, _7301, _7300, _7299, _7298, _7297, _7296, _7295, _7294, _7293, _7292, _7291, _7290, _7289, _7288, _7287, _7286, _7285, _7284, _7283, _7282, _7281, _7280, _7279, _7278, _7277, _7276, _7275, _7274, _7273, _7272, _7271, _7270, _7269, _7268, _7267, _7266, _7265, _7264, _7263, _7262, _7261, _7260, _7259, _7258, _7257, _7256, _7255, _7254, _7253, _7252, _7251, _7250, _7249, _7248, _7247, _7246, _7245, _7244, _7243, _7242, _7241, _7240, _7239, _7238, _7237, _7236, _7235, _7234, _7233, _7232, _7231, _7230, _7229, _7228, _7227, _7226, _7225, _7224, _7223, _7222, _7221, _7220, _7219, _7218, _7217, _7216, _7215, _7214, _7213, _7212, _7211, _7210, _7209, _7208, _7207, _7206, _7205, _7204, _7203, _7202, _7201, _7200, _7199, _7198, _7197, _7196, _7195, _7194, _7193, _7192, _7191, _7190, _7189, _7188, _7187, _7186, _7185, _7184, _7183, _7182, _7181",,200,,
"_7180, _7179, _7178, _7177, _7176, _7175, _7174, _7173, _7172, _7171, _7170, _7169, _7168, _7167, _7166, _7165, _7164, _7163, _7162, _7161, _7160, _7159, _7158, _7157, _7156, _7155, _7154, _7153, _7152, _7151, _7150, _7149, _7148, _7147, _7146, _7145, _7144, _7143, _7142, _7141, _7140, _7139, _7138, _7137, _7136, _7135, _7134, _7133, _7132, _7131, _7130, _7129, _7128, _7127, _7126, _7125, _7124, _7123, _7122, _7121, _7120, _7119, _7118, _7117, _7116, _7115, _7114, _7113, _7112, _7111, _7110, _7109, _7108, _7107, _7106, _7105, _7104, _7103, _7102, _7101, _7100, _7099, _7098, _7097, _7096, _7095, _7094, _7093, _7092, _7091, _7090, _7089, _7088, _7087, _7086, _7085, _7084, _7083, _7082, _7081, _7080, _7079, _7078, _7077, _7076, _7075, _7074, _7073, _7072, _7071, _7070, _7069, _7068, _7067, _7066, _7065, _7064, _7063, _7062, _7061, _7060, _7059, _7058, _7057, _7056, _7055, _7054, _7053, _7052, _7051, _7050, _7049, _7048, _7047, _7046, _7045, _7044, _7043, _7042, _7041, _7040, _7039, _7038, _7037, _7036, _7035, _7034, _7033, _7032, _7031, _7030, _7029, _7028, _7027, _7026, _7025, _7024, _7023, _7022, _7021, _7020, _7019, _7018, _7017, _7016, _7015, _7014, _7013, _7012, _7011, _7010, _7009, _7008, _7007, _7006, _7005, _7004, _7003, _7002, _7001, _7000, _6999, _6998, _6997, _6996, _6995, _6994, _6993, _6992, _6991, _6990, _6989, _6988, _6987, _6986, _6985, _6984, _6983, _6982, _6981",,200,,
"_6980, _6979, _6978, _6977, _6976, _6975, _6974, _6973, _6972, _6971, _6970, _6969, _6968, _6967, _6966, _6965, _6964, _6963, _6962, _6961, _6960, _6959, _6958, _6957, _6956, _6955, _6954, _6953, _6952, _6951, _6950, _6949, _6948, _6947, _6946, _6945, _6944, _6943, _6942, _6941, _6940, _6939, _6938, _6937, _6936, _6935, _6934, _6933, _6932, _6931, _6930, _6929, _6928, _6927, _6926, _6925, _6924, _6923, _6922, _6921, _6920, _6919, _6918, _6917, _6916, _6915, _6914, _6913, _6912, _6911, _6910, _6909, _6908, _6907, _6906, _6905, _6904, _6903, _6902, _6901, _6900, _6899, _6898, _6897, _6896, _6895, _6894, _6893, _6892, _6891, _6890, _6889, _6888, _6887, _6886, _6885, _6884, _6883, _6882, _6881, _6880, _6879, _6878, _6877, _6876, _6875, _6874, _6873, _6872, _6871, _6870, _6869, _6868, _6867, _6866, _6865, _6864, _6863, _6862, _6861, _6860, _6859, _6858, _6857, _6856, _6855, _6854, _6853, _6852, _6851, _6850, _6849, _6848, _6847, _6846, _6845, _6844, _6843, _6842, _6841, _6840, _6839, _6838, _6837, _6836, _6835, _6834, _6833, _6832, _6831, _6830, _6829, _6828, _6827, _6826, _6825, _6824, _6823, _6822, _6821, _6820, _6819, _6818, _6817, _6816, _6815, _6814, _6813, _6812, _6811, _6810, _6809, _6808, _6807, _6806, _6805, _6804, _6803, _6802, _6801, _6800, _6799, _6798, _6797, _6796, _6795, _6794, _6793, _6792, _6791, _6790, _6789, _6788, _6787, _6786, _6785, _6784, _6783, _6782, _6781",,200,,
"_6780, _6779, _6778, _6777, _6776, _6775, _6774, _6773, _6772, _6771, _6770, _6769, _6768, _6767, _6766, _6765, _6764, _6763, _6762, _6761, _6760, _6759, _6758, _6757, _6756, _6755, _6754, _6753, _6752, _6751, _6750, _6749, _6748, _6747, _6746, _6745, _6744, _6743, _6742, _6741, _6740, _6739, _6738, _6737, _6736, _6735, _6734, _6733, _6732, _6731, _6730, _6729, _6728, _6727, _6726, _6725, _6724, _6723, _6722, _6721, _6720, _6719, _6718, _6717, _6716, _6715, _6714, _6713, _6712, _6711, _6710, _6709, _6708, _6707, _6706, _6705, _6704, _6703, _6702, _6701, _6700, _6699, _6698, _6697, _6696, _6695, _6694, _6693, _6692, _6691, _6690, _6689, _6688, _6687, _6686, _6685, _6684, _6683, _6682, _6681, _6680, _6679, _6678, _6677, _6676, _6675, _6674, _6673, _6672, _6671, _6670, _6669, _6668, _6667, _6666, _6665, _6664, _6663, _6662, _6661, _6660, _6659, _6658, _6657, _6656, _6655, _6654, _6653, _6652, _6651, _6650, _6649, _6648, _6647, _6646, _6645, _6644, _6643, _6642, _6641, _6640, _6639, _6638, _6637, _6636, _6635, _6634, _6633, _6632, _6631, _6630, _6629, _6628, _6627, _6626, _6625, _6624, _6623, _6622, _6621, _6620, _6619, _6618, _6617, _6616, _6615, _6614, _6613, _6612, _6611, _6610, _6609, _6608, _6607, _6606, _6605, _6604, _6603, _6602, _6601, _6600, _6599, _6598, _6597, _6596, _6595, _6594, _6593, _6592, _6591, _6590, _6589, _6588, _6587, _6586, _6585, _6584, _6583, _6582, _6581",,200,,
"_6580, _6579, _6578, _6577, _6576, _6575, _6574, _6573, _6572, _6571, _6570, _6569, _6568, _6567, _6566, _6565, _6564, _6563, _6562, _6561, _6560, _6559, _6558, _6557, _6556, _6555, _6554, _6553, _6552, _6551, _6550, _6549, _6548, _6547, _6546, _6545, _6544, _6543, _6542, _6541, _6540, _6539, _6538, _6537, _6536, _6535, _6534, _6533, _6532, _6531, _6530, _6529, _6528, _6527, _6526, _6525, _6524, _6523, _6522, _6521, _6520, _6519, _6518, _6517, _6516, _6515, _6514, _6513, _6512, _6511, _6510, _6509, _6508, _6507, _6506, _6505, _6504, _6503, _6502, _6501, _6500, _6499, _6498, _6497, _6496, _6495, _6494, _6493, _6492, _6491, _6490, _6489, _6488, _6487, _6486, _6485, _6484, _6483, _6482, _6481, _6480, _6479, _6478, _6477, _6476, _6475, _6474, _6473, _6472, _6471, _6470, _6469, _6468, _6467, _6466, _6465, _6464, _6463, _6462, _6461, _6460, _6459, _6458, _6457, _6456, _6455, _6454, _6453, _6452, _6451, _6450, _6449, _6448, _6447, _6446, _6445, _6444, _6443, _6442, _6441, _6440, _6439, _6438, _6437, _6436, _6435, _6434, _6433, _6432, _6431, _6430, _6429, _6428, _6427, _6426, _6425, _6424, _6423, _6422, _6421, _6420, _6419, _6418, _6417, _6416, _6415, _6414, _6413, _6412, _6411, _6410, _6409, _6408, _6407, _6406, _6405, _6404, _6403, _6402, _6401, _6400, _6399, _6398, _6397, _6396, _6395, _6394, _6393, _6392, _6391, _6390, _6389, _6388, _6387, _6386, _6385, _6384, _6383, _6382, _6381",,200,,
"_6380, _6379, _6378, _6377, _6376, _6375, _6374, _6373, _6372, _6371, _6370, _6369, _6368, _6367, _6366, _6365, _6364, _6363, _6362, _6361, _6360, _6359, _6358, _6357, _6356, _6355, _6354, _6353, _6352, _6351, _6350, _6349, _6348, _6347, _6346, _6345, _6344, _6343, _6342, _6341, _6340, _6339, _6338, _6337, _6336, _6335, _6334, _6333, _6332, _6331, _6330, _6329, _6328, _6327, _6326, _6325, _6324, _6323, _6322, _6321, _6320, _6319, _6318, _6317, _6316, _6315, _6314, _6313, _6312, _6311, _6310, _6309, _6308, _6307, _6306, _6305, _6304, _6303, _6302, _6301, _6300, _6299, _6298, _6297, _6296, _6295, _6294, _6293, _6292, _6291, _6290, _6289, _6288, _6287, _6286, _6285, _6284, _6283, _6282, _6281, _6280, _6279, _6278, _6277, _6276, _6275, _6274, _6273, _6272, _6271, _6270, _6269, _6268, _6267, _6266, _6265, _6264, _6263, _6262, _6261, _6260, _6259, _6258, _6257, _6256, _6255, _6254, _6253, _6252, _6251, _6250, _6249, _6248, _6247, _6246, _6245, _6244, _6243, _6242, _6241, _6240, _6239, _6238, _6237, _6236, _6235, _6234, _6233, _6232, _6231, _6230, _6229, _6228, _6227, _6226, _6225, _6224, _6223, _6222, _6221, _6220, _6219, _6218, _6217, _6216, _6215, _6214, _6213, _6212, _6211, _6210, _6209, _6208, _6207, _6206, _6205, _6204, _6203, _6202, _6201, _6200, _6199, _6198, _6197, _6196, _6195, _6194, _6193, _6192, _6191, _6190, _6189, _6188, _6187, _6186, _6185, _6184, _6183, _6182, _6181",,200,,
"_6180, _6179, _6178, _6177, _6176, _6175, _6174, _6173, _6172, _6171, _6170, _6169, _6168, _6167, _6166, _6165, _6164, _6163, _6162, _6161, _6160, _6159, _6158, _6157, _6156, _6155, _6154, _6153, _6152, _6151, _6150, _6149, _6148, _6147, _6146, _6145, _6144, _6143, _6142, _6141, _6140, _6139, _6138, _6137, _6136, _6135, _6134, _6133, _6132, _6131, _6130, _6129, _6128, _6127, _6126, _6125, _6124, _6123, _6122, _6121, _6120, _6119, _6118, _6117, _6116, _6115, _6114, _6113, _6112, _6111, _6110, _6109, _6108, _6107, _6106, _6105, _6104, _6103, _6102, _6101, _6100, _6099, _6098, _6097, _6096, _6095, _6094, _6093, _6092, _6091, _6090, _6089, _6088, _6087, _6086, _6085, _6084, _6083, _6082, _6081, _6080, _6079, _6078, _6077, _6076, _6075, _6074, _6073, _6072, _6071, _6070, _6069, _6068, _6067, _6066, _6065, _6064, _6063, _6062, _6061, _6060, _6059, _6058, _6057, _6056, _6055, _6054, _6053, _6052, _6051, _6050, _6049, _6048, _6047, _6046, _6045, _6044, _6043, _6042, _6041, _6040, _6039, _6038, _6037, _6036, _6035, _6034, _6033, _6032, _6031, _6030, _6029, _6028, _6027, _6026, _6025, _6024, _6023, _6022, _6021, _6020, _6019, _6018, _6017, _6016, _6015, _6014, _6013, _6012, _6011, _6010, _6009, _6008, _6007, _6006, _6005, _6004, _6003, _6002, _6001, _6000, _5999, _5998, _5997, _5996, _5995, _5994, _5993, _5992, _5991, _5990, _5989, _5988, _5987, _5986, _5985, _5984, _5983, _5982, _5981",,200,,
"_5980, _5979, _5978, _5977, _5976, _5975, _5974, _5973, _5972, _5971, _5970, _5969, _5968, _5967, _5966, _5965, _5964, _5963, _5962, _5961, _5960, _5959, _5958, _5957, _5956, _5955, _5954, _5953, _5952, _5951, _5950, _5949, _5948, _5947, _5946, _5945, _5944, _5943, _5942, _5941, _5940, _5939, _5938, _5937, _5936, _5935, _5934, _5933, _5932, _5931, _5930, _5929, _5928, _5927, _5926, _5925, _5924, _5923, _5922, _5921, _5920, _5919, _5918, _5917, _5916, _5915, _5914, _5913, _5912, _5911, _5910, _5909, _5908, _5907, _5906, _5905, _5904, _5903, _5902, _5901, _5900, _5899, _5898, _5897, _5896, _5895, _5894, _5893, _5892, _5891, _5890, _5889, _5888, _5887, _5886, _5885, _5884, _5883, _5882, _5881, _5880, _5879, _5878, _5877, _5876, _5875, _5874, _5873, _5872, _5871, _5870, _5869, _5868, _5867, _5866, _5865, _5864, _5863, _5862, _5861, _5860, _5859, _5858, _5857, _5856, _5855, _5854, _5853, _5852, _5851, _5850, _5849, _5848, _5847, _5846, _5845, _5844, _5843, _5842, _5841, _5840, _5839, _5838, _5837, _5836, _5835, _5834, _5833, _5832, _5831, _5830, _5829, _5828, _5827, _5826, _5825, _5824, _5823, _5822, _5821, _5820, _5819, _5818, _5817, _5816, _5815, _5814, _5813, _5812, _5811, _5810, _5809, _5808, _5807, _5806, _5805, _5804, _5803, _5802, _5801, _5800, _5799, _5798, _5797, _5796, _5795, _5794, _5793, _5792, _5791, _5790, _5789, _5788, _5787, _5786, _5785, _5784, _5783, _5782, _5781",,200,,
"_5780, _5779, _5778, _5777, _5776, _5775, _5774, _5773, _5772, _5771, _5770, _5769, _5768, _5767, _5766, _5765, _5764, _5763, _5762, _5761, _5760, _5759, _5758, _5757, _5756, _5755, _5754, _5753, _5752, _5751, _5750, _5749, _5748, _5747, _5746, _5745, _5744, _5743, _5742, _5741, _5740, _5739, _5738, _5737, _5736, _5735, _5734, _5733, _5732, _5731, _5730, _5729, _5728, _5727, _5726, _5725, _5724, _5723, _5722, _5721, _5720, _5719, _5718, _5717, _5716, _5715, _5714, _5713, _5712, _5711, _5710, _5709, _5708, _5707, _5706, _5705, _5704, _5703, _5702, _5701, _5700, _5699, _5698, _5697, _5696, _5695, _5694, _5693, _5692, _5691, _5690, _5689, _5688, _5687, _5686, _5685, _5684, _5683, _5682, _5681, _5680, _5679, _5678, _5677, _5676, _5675, _5674, _5673, _5672, _5671, _5670, _5669, _5668, _5667, _5666, _5665, _5664, _5663, _5662, _5661, _5660, _5659, _5658, _5657, _5656, _5655, _5654, _5653, _5652, _5651, _5650, _5649, _5648, _5647, _5646, _5645, _5644, _5643, _5642, _5641, _5640, _5639, _5638, _5637, _5636, _5635, _5634, _5633, _5632, _5631, _5630, _5629, _5628, _5627, _5626, _5625, _5624, _5623, _5622, _5621, _5620, _5619, _5618, _5617, _5616, _5615, _5614, _5613, _5612, _5611, _5610, _5609, _5608, _5607, _5606, _5605, _5604, _5603, _5602, _5601, _5600, _5599, _5598, _5597, _5596, _5595, _5594, _5593, _5592, _5591, _5590, _5589, _5588, _5587, _5586, _5585, _5584, _5583, _5582, _5581",,200,,
"_5580, _5579, _5578, _5577, _5576, _5575, _5574, _5573, _5572, _5571, _5570, _5569, _5568, _5567, _5566, _5565, _5564, _5563, _5562, _5561, _5560, _5559, _5558, _5557, _5556, _5555, _5554, _5553, _5552, _5551, _5550, _5549, _5548, _5547, _5546, _5545, _5544, _5543, _5542, _5541, _5540, _5539, _5538, _5537, _5536, _5535, _5534, _5533, _5532, _5531, _5530, _5529, _5528, _5527, _5526, _5525, _5524, _5523, _5522, _5521, _5520, _5519, _5518, _5517, _5516, _5515, _5514, _5513, _5512, _5511, _5510, _5509, _5508, _5507, _5506, _5505, _5504, _5503, _5502, _5501, _5500, _5499, _5498, _5497, _5496, _5495, _5494, _5493, _5492, _5491, _5490, _5489, _5488, _5487, _5486, _5485, _5484, _5483, _5482, _5481, _5480, _5479, _5478, _5477, _5476, _5475, _5474, _5473, _5472, _5471, _5470, _5469, _5468, _5467, _5466, _5465, _5464, _5463, _5462, _5461, _5460, _5459, _5458, _5457, _5456, _5455, _5454, _5453, _5452, _5451, _5450, _5449, _5448, _5447, _5446, _5445, _5444, _5443, _5442, _5441, _5440, _5439, _5438, _5437, _5436, _5435, _5434, _5433, _5432, _5431, _5430, _5429, _5428, _5427, _5426, _5425, _5424, _5423, _5422, _5421, _5420, _5419, _5418, _5417, _5416, _5415, _5414, _5413, _5412, _5411, _5410, _5409, _5408, _5407, _5406, _5405, _5404, _5403, _5402, _5401, _5400, _5399, _5398, _5397, _5396, _5395, _5394, _5393, _5392, _5391, _5390, _5389, _5388, _5387, _5386, _5385, _5384, _5383, _5382, _5381",,200,,
"_5380, _5379, _5378, _5377, _5376, _5375, _5374, _5373, _5372, _5371, _5370, _5369, _5368, _5367, _5366, _5365, _5364, _5363, _5362, _5361, _5360, _5359, _5358, _5357, _5356, _5355, _5354, _5353, _5352, _5351, _5350, _5349, _5348, _5347, _5346, _5345, _5344, _5343, _5342, _5341, _5340, _5339, _5338, _5337, _5336, _5335, _5334, _5333, _5332, _5331, _5330, _5329, _5328, _5327, _5326, _5325, _5324, _5323, _5322, _5321, _5320, _5319, _5318, _5317, _5316, _5315, _5314, _5313, _5312, _5311, _5310, _5309, _5308, _5307, _5306, _5305, _5304, _5303, _5302, _5301, _5300, _5299, _5298, _5297, _5296, _5295, _5294, _5293, _5292, _5291, _5290, _5289, _5288, _5287, _5286, _5285, _5284, _5283, _5282, _5281, _5280, _5279, _5278, _5277, _5276, _5275, _5274, _5273, _5272, _5271, _5270, _5269, _5268, _5267, _5266, _5265, _5264, _5263, _5262, _5261, _5260, _5259, _5258, _5257, _5256, _5255, _5254, _5253, _5252, _5251, _5250, _5249, _5248, _5247, _5246, _5245, _5244, _5243, _5242, _5241, _5240, _5239, _5238, _5237, _5236, _5235, _5234, _5233, _5232, _5231, _5230, _5229, _5228, _5227, _5226, _5225, _5224, _5223, _5222, _5221, _5220, _5219, _5218, _5217, _5216, _5215, _5214, _5213, _5212, _5211, _5210, _5209, _5208, _5207, _5206, _5205, _5204, _5203, _5202, _5201, _5200, _5199, _5198, _5197, _5196, _5195, _5194, _5193, _5192, _5191, _5190, _5189, _5188, _5187, _5186, _5185, _5184, _5183, _5182, _5181",,200,,
"_5180, _5179, _5178, _5177, _5176, _5175, _5174, _5173, _5172, _5171, _5170, _5169, _5168, _5167, _5166, _5165, _5164, _5163, _5162, _5161, _5160, _5159, _5158, _5157, _5156, _5155, _5154, _5153, _5152, _5151, _5150, _5149, _5148, _5147, _5146, _5145, _5144, _5143, _5142, _5141, _5140, _5139, _5138, _5137, _5136, _5135, _5134, _5133, _5132, _5131, _5130, _5129, _5128, _5127, _5126, _5125, _5124, _5123, _5122, _5121, _5120, _5119, _5118, _5117, _5116, _5115, _5114, _5113, _5112, _5111, _5110, _5109, _5108, _5107, _5106, _5105, _5104, _5103, _5102, _5101, _5100, _5099, _5098, _5097, _5096, _5095, _5094, _5093, _5092, _5091, _5090, _5089, _5088, _5087, _5086, _5085, _5084, _5083, _5082, _5081, _5080, _5079, _5078, _5077, _5076, _5075, _5074, _5073, _5072, _5071, _5070, _5069, _5068, _5067, _5066, _5065, _5064, _5063, _5062, _5061, _5060, _5059, _5058, _5057, _5056, _5055, _5054, _5053, _5052, _5051, _5050, _5049, _5048, _5047, _5046, _5045, _5044, _5043, _5042, _5041, _5040, _5039, _5038, _5037, _5036, _5035, _5034, _5033, _5032, _5031, _5030, _5029, _5028, _5027, _5026, _5025, _5024, _5023, _5022, _5021, _5020, _5019, _5018, _5017, _5016, _5015, _5014, _5013, _5012, _5011, _5010, _5009, _5008, _5007, _5006, _5005, _5004, _5003, _5002, _5001, _5000, _4999, _4998, _4997, _4996, _4995, _4994, _4993, _4992, _4991, _4990, _4989, _4988, _4987, _4986, _4985, _4984, _4983, _4982, _4981",,200,,
"_4980, _4979, _4978, _4977, _4976, _4975, _4974, _4973, _4972, _4971, _4970, _4969, _4968, _4967, _4966, _4965, _4964, _4963, _4962, _4961, _4960, _4959, _4958, _4957, _4956, _4955, _4954, _4953, _4952, _4951, _4950, _4949, _4948, _4947, _4946, _4945, _4944, _4943, _4942, _4941, _4940, _4939, _4938, _4937, _4936, _4935, _4934, _4933, _4932, _4931, _4930, _4929, _4928, _4927, _4926, _4925, _4924, _4923, _4922, _4921, _4920, _4919, _4918, _4917, _4916, _4915, _4914, _4913, _4912, _4911, _4910, _4909, _4908, _4907, _4906, _4905, _4904, _4903, _4902, _4901, _4900, _4899, _4898, _4897, _4896, _4895, _4894, _4893, _4892, _4891, _4890, _4889, _4888, _4887, _4886, _4885, _4884, _4883, _4882, _4881, _4880, _4879, _4878, _4877, _4876, _4875, _4874, _4873, _4872, _4871, _4870, _4869, _4868, _4867, _4866, _4865, _4864, _4863, _4862, _4861, _4860, _4859, _4858, _4857, _4856, _4855, _4854, _4853, _4852, _4851, _4850, _4849, _4848, _4847, _4846, _4845, _4844, _4843, _4842, _4841, _4840, _4839, _4838, _4837, _4836, _4835, _4834, _4833, _4832, _4831, _4830, _4829, _4828, _4827, _4826, _4825, _4824, _4823, _4822, _4821, _4820, _4819, _4818, _4817, _4816, _4815, _4814, _4813, _4812, _4811, _4810, _4809, _4808, _4807, _4806, _4805, _4804, _4803, _4802, _4801, _4800, _4799, _4798, _4797, _4796, _4795, _4794, _4793, _4792, _4791, _4790, _4789, _4788, _4787, _4786, _4785, _4784, _4783, _4782, _4781",,200,,
"_4780, _4779, _4778, _4777, _4776, _4775, _4774, _4773, _4772, _4771, _4770, _4769, _4768, _4767, _4766, _4765, _4764, _4763, _4762, _4761, _4760, _4759, _4758, _4757, _4756, _4755, _4754, _4753, _4752, _4751, _4750, _4749, _4748, _4747, _4746, _4745, _4744, _4743, _4742, _4741, _4740, _4739, _4738, _4737, _4736, _4735, _4734, _4733, _4732, _4731, _4730, _4729, _4728, _4727, _4726, _4725, _4724, _4723, _4722, _4721, _4720, _4719, _4718, _4717, _4716, _4715, _4714, _4713, _4712, _4711, _4710, _4709, _4708, _4707, _4706, _4705, _4704, _4703, _4702, _4701, _4700, _4699, _4698, _4697, _4696, _4695, _4694, _4693, _4692, _4691, _4690, _4689, _4688, _4687, _4686, _4685, _4684, _4683, _4682, _4681, _4680, _4679, _4678, _4677, _4676, _4675, _4674, _4673, _4672, _4671, _4670, _4669, _4668, _4667, _4666, _4665, _4664, _4663, _4662, _4661, _4660, _4659, _4658, _4657, _4656, _4655, _4654, _4653, _4652, _4651, _4650, _4649, _4648, _4647, _4646, _4645, _4644, _4643, _4642, _4641, _4640, _4639, _4638, _4637, _4636, _4635, _4634, _4633, _4632, _4631, _4630, _4629, _4628, _4627, _4626, _4625, _4624, _4623, _4622, _4621, _4620, _4619, _4618, _4617, _4616, _4615, _4614, _4613, _4612, _4611, _4610, _4609, _4608, _4607, _4606, _4605, _4604, _4603, _4602, _4601, _4600, _4599, _4598, _4597, _4596, _4595, _4594, _4593, _4592, _4591, _4590, _4589, _4588, _4587, _4586, _4585, _4584, _4583, _4582, _4581",,200,,
"_4580, _4579, _4578, _4577, _4576, _4575, _4574, _4573, _4572, _4571, _4570, _4569, _4568, _4567, _4566, _4565, _4564, _4563, _4562, _4561, _4560, _4559, _4558, _4557, _4556, _4555, _4554, _4553, _4552, _4551, _4550, _4549, _4548, _4547, _4546, _4545, _4544, _4543, _4542, _4541, _4540, _4539, _4538, _4537, _4536, _4535, _4534, _4533, _4532, _4531, _4530, _4529, _4528, _4527, _4526, _4525, _4524, _4523, _4522, _4521, _4520, _4519, _4518, _4517, _4516, _4515, _4514, _4513, _4512, _4511, _4510, _4509, _4508, _4507, _4506, _4505, _4504, _4503, _4502, _4501, _4500, _4499, _4498, _4497, _4496, _4495, _4494, _4493, _4492, _4491, _4490, _4489, _4488, _4487, _4486, _4485, _4484, _4483, _4482, _4481, _4480, _4479, _4478, _4477, _4476, _4475, _4474, _4473, _4472, _4471, _4470, _4469, _4468, _4467, _4466, _4465, _4464, _4463, _4462, _4461, _4460, _4459, _4458, _4457, _4456, _4455, _4454, _4453, _4452, _4451, _4450, _4449, _4448, _4447, _4446, _4445, _4444, _4443, _4442, _4441, _4440, _4439, _4438, _4437, _4436, _4435, _4434, _4433, _4432, _4431, _4430, _4429, _4428, _4427, _4426, _4425, _4424, _4423, _4422, _4421, _4420, _4419, _4418, _4417, _4416, _4415, _4414, _4413, _4412, _4411, _4410, _4409, _4408, _4407, _4406, _4405, _4404, _4403, _4402, _4401, _4400, _4399, _4398, _4397, _4396, _4395, _4394, _4393, _4392, _4391, _4390, _4389, _4388, _4387, _4386, _4385, _4384, _4383, _4382, _4381",,200,,
"_4380, _4379, _4378, _4377, _4376, _4375, _4374, _4373, _4372, _4371, _4370, _4369, _4368, _4367, _4366, _4365, _4364, _4363, _4362, _4361, _4360, _4359, _4358, _4357, _4356, _4355, _4354, _4353, _4352, _4351, _4350, _4349, _4348, _4347, _4346, _4345, _4344, _4343, _4342, _4341, _4340, _4339, _4338, _4337, _4336, _4335, _4334, _4333, _4332, _4331, _4330, _4329, _4328, _4327, _4326, _4325, _4324, _4323, _4322, _4321, _4320, _4319, _4318, _4317, _4316, _4315, _4314, _4313, _4312, _4311, _4310, _4309, _4308, _4307, _4306, _4305, _4304, _4303, _4302, _4301, _4300, _4299, _4298, _4297, _4296, _4295, _4294, _4293, _4292, _4291, _4290, _4289, _4288, _4287, _4286, _4285, _4284, _4283, _4282, _4281, _4280, _4279, _4278, _4277, _4276, _4275, _4274, _4273, _4272, _4271, _4270, _4269, _4268, _4267, _4266, _4265, _4264, _4263, _4262, _4261, _4260, _4259, _4258, _4257, _4256, _4255, _4254, _4253, _4252, _4251, _4250, _4249, _4248, _4247, _4246, _4245, _4244, _4243, _4242, _4241, _4240, _4239, _4238, _4237, _4236, _4235, _4234, _4233, _4232, _4231, _4230, _4229, _4228, _4227, _4226, _4225, _4224, _4223, _4222, _4221, _4220, _4219, _4218, _4217, _4216, _4215, _4214, _4213, _4212, _4211, _4210, _4209, _4208, _4207, _4206, _4205, _4204, _4203, _4202, _4201, _4200, _4199, _4198, _4197, _4196, _4195, _4194, _4193, _4192, _4191, _4190, _4189, _4188, _4187, _4186, _4185, _4184, _4183, _4182, _4181",,200,,
"_4180, _4179, _4178, _4177, _4176, _4175, _4174, _4173, _4172, _4171, _4170, _4169, _4168, _4167, _4166, _4165, _4164, _4163, _4162, _4161, _4160, _4159, _4158, _4157, _4156, _4155, _4154, _4153, _4152, _4151, _4150, _4149, _4148, _4147, _4146, _4145, _4144, _4143, _4142, _4141, _4140, _4139, _4138, _4137, _4136, _4135, _4134, _4133, _4132, _4131, _4130, _4129, _4128, _4127, _4126, _4125, _4124, _4123, _4122, _4121, _4120, _4119, _4118, _4117, _4116, _4115, _4114, _4113, _4112, _4111, _4110, _4109, _4108, _4107, _4106, _4105, _4104, _4103, _4102, _4101, _4100, _4099, _4098, _4097, _4096, _4095, _4094, _4093, _4092, _4091, _4090, _4089, _4088, _4087, _4086, _4085, _4084, _4083, _4082, _4081, _4080, _4079, _4078, _4077, _4076, _4075, _4074, _4073, _4072, _4071, _4070, _4069, _4068, _4067, _4066, _4065, _4064, _4063, _4062, _4061, _4060, _4059, _4058, _4057, _4056, _4055, _4054, _4053, _4052, _4051, _4050, _4049, _4048, _4047, _4046, _4045, _4044, _4043, _4042, _4041, _4040, _4039, _4038, _4037, _4036, _4035, _4034, _4033, _4032, _4031, _4030, _4029, _4028, _4027, _4026, _4025, _4024, _4023, _4022, _4021, _4020, _4019, _4018, _4017, _4016, _4015, _4014, _4013, _4012, _4011, _4010, _4009, _4008, _4007, _4006, _4005, _4004, _4003, _4002, _4001, _4000, _3999, _3998, _3997, _3996, _3995, _3994, _3993, _3992, _3991, _3990, _3989, _3988, _3987, _3986, _3985, _3984, _3983, _3982, _3981",,200,,
"_3980, _3979, _3978, _3977, _3976, _3975, _3974, _3973, _3972, _3971, _3970, _3969, _3968, _3967, _3966, _3965, _3964, _3963, _3962, _3961, _3960, _3959, _3958, _3957, _3956, _3955, _3954, _3953, _3952, _3951, _3950, _3949, _3948, _3947, _3946, _3945, _3944, _3943, _3942, _3941, _3940, _3939, _3938, _3937, _3936, _3935, _3934, _3933, _3932, _3931, _3930, _3929, _3928, _3927, _3926, _3925, _3924, _3923, _3922, _3921, _3920, _3919, _3918, _3917, _3916, _3915, _3914, _3913, _3912, _3911, _3910, _3909, _3908, _3907, _3906, _3905, _3904, _3903, _3902, _3901, _3900, _3899, _3898, _3897, _3896, _3895, _3894, _3893, _3892, _3891, _3890, _3889, _3888, _3887, _3886, _3885, _3884, _3883, _3882, _3881, _3880, _3879, _3878, _3877, _3876, _3875, _3874, _3873, _3872, _3871, _3870, _3869, _3868, _3867, _3866, _3865, _3864, _3863, _3862, _3861, _3860, _3859, _3858, _3857, _3856, _3855, _3854, _3853, _3852, _3851, _3850, _3849, _3848, _3847, _3846, _3845, _3844, _3843, _3842, _3841, _3840, _3839, _3838, _3837, _3836, _3835, _3834, _3833, _3832, _3831, _3830, _3829, _3828, _3827, _3826, _3825, _3824, _3823, _3822, _3821, _3820, _3819, _3818, _3817, _3816, _3815, _3814, _3813, _3812, _3811, _3810, _3809, _3808, _3807, _3806, _3805, _3804, _3803, _3802, _3801, _3800, _3799, _3798, _3797, _3796, _3795, _3794, _3793, _3792, _3791, _3790, _3789, _3788, _3787, _3786, _3785, _3784, _3783, _3782, _3781",,200,,
"_3780, _3779, _3778, _3777, _3776, _3775, _3774, _3773, _3772, _3771, _3770, _3769, _3768, _3767, _3766, _3765, _3764, _3763, _3762, _3761, _3760, _3759, _3758, _3757, _3756, _3755, _3754, _3753, _3752, _3751, _3750, _3749, _3748, _3747, _3746, _3745, _3744, _3743, _3742, _3741, _3740, _3739, _3738, _3737, _3736, _3735, _3734, _3733, _3732, _3731, _3730, _3729, _3728, _3727, _3726, _3725, _3724, _3723, _3722, _3721, _3720, _3719, _3718, _3717, _3716, _3715, _3714, _3713, _3712, _3711, _3710, _3709, _3708, _3707, _3706, _3705, _3704, _3703, _3702, _3701, _3700, _3699, _3698, _3697, _3696, _3695, _3694, _3693, _3692, _3691, _3690, _3689, _3688, _3687, _3686, _3685, _3684, _3683, _3682, _3681, _3680, _3679, _3678, _3677, _3676, _3675, _3674, _3673, _3672, _3671, _3670, _3669, _3668, _3667, _3666, _3665, _3664, _3663, _3662, _3661, _3660, _3659, _3658, _3657, _3656, _3655, _3654, _3653, _3652, _3651, _3650, _3649, _3648, _3647, _3646, _3645, _3644, _3643, _3642, _3641, _3640, _3639, _3638, _3637, _3636, _3635, _3634, _3633, _3632, _3631, _3630, _3629, _3628, _3627, _3626, _3625, _3624, _3623, _3622, _3621, _3620, _3619, _3618, _3617, _3616, _3615, _3614, _3613, _3612, _3611, _3610, _3609, _3608, _3607, _3606, _3605, _3604, _3603, _3602, _3601, _3600, _3599, _3598, _3597, _3596, _3595, _3594, _3593, _3592, _3591, _3590, _3589, _3588, _3587, _3586, _3585, _3584, _3583, _3582, _3581",,200,,
"_3580, _3579, _3578, _3577, _3576, _3575, _3574, _3573, _3572, _3571, _3570, _3569, _3568, _3567, _3566, _3565, _3564, _3563, _3562, _3561, _3560, _3559, _3558, _3557, _3556, _3555, _3554, _3553, _3552, _3551, _3550, _3549, _3548, _3547, _3546, _3545, _3544, _3543, _3542, _3541, _3540, _3539, _3538, _3537, _3536, _3535, _3534, _3533, _3532, _3531, _3530, _3529, _3528, _3527, _3526, _3525, _3524, _3523, _3522, _3521, _3520, _3519, _3518, _3517, _3516, _3515, _3514, _3513, _3512, _3511, _3510, _3509, _3508, _3507, _3506, _3505, _3504, _3503, _3502, _3501, _3500, _3499, _3498, _3497, _3496, _3495, _3494, _3493, _3492, _3491, _3490, _3489, _3488, _3487, _3486, _3485, _3484, _3483, _3482, _3481, _3480, _3479, _3478, _3477, _3476, _3475, _3474, _3473, _3472, _3471, _3470, _3469, _3468, _3467, _3466, _3465, _3464, _3463, _3462, _3461, _3460, _3459, _3458, _3457, _3456, _3455, _3454, _3453, _3452, _3451, _3450, _3449, _3448, _3447, _3446, _3445, _3444, _3443, _3442, _3441, _3440, _3439, _3438, _3437, _3436, _3435, _3434, _3433, _3432, _3431, _3430, _3429, _3428, _3427, _3426, _3425, _3424, _3423, _3422, _3421, _3420, _3419, _3418, _3417, _3416, _3415, _3414, _3413, _3412, _3411, _3410, _3409, _3408, _3407, _3406, _3405, _3404, _3403, _3402, _3401, _3400, _3399, _3398, _3397, _3396, _3395, _3394, _3393, _3392, _3391, _3390, _3389, _3388, _3387, _3386, _3385, _3384, _3383, _3382, _3381",,200,,
"_3380, _3379, _3378, _3377, _3376, _3375, _3374, _3373, _3372, _3371, _3370, _3369, _3368, _3367, _3366, _3365, _3364, _3363, _3362, _3361, _3360, _3359, _3358, _3357, _3356, _3355, _3354, _3353, _3352, _3351, _3350, _3349, _3348, _3347, _3346, _3345, _3344, _3343, _3342, _3341, _3340, _3339, _3338, _3337, _3336, _3335, _3334, _3333, _3332, _3331, _3330, _3329, _3328, _3327, _3326, _3325, _3324, _3323, _3322, _3321, _3320, _3319, _3318, _3317, _3316, _3315, _3314, _3313, _3312, _3311, _3310, _3309, _3308, _3307, _3306, _3305, _3304, _3303, _3302, _3301, _3300, _3299, _3298, _3297, _3296, _3295, _3294, _3293, _3292, _3291, _3290, _3289, _3288, _3287, _3286, _3285, _3284, _3283, _3282, _3281, _3280, _3279, _3278, _3277, _3276, _3275, _3274, _3273, _3272, _3271, _3270, _3269, _3268, _3267, _3266, _3265, _3264, _3263, _3262, _3261, _3260, _3259, _3258, _3257, _3256, _3255, _3254, _3253, _3252, _3251, _3250, _3249, _3248, _3247, _3246, _3245, _3244, _3243, _3242, _3241, _3240, _3239, _3238, _3237, _3236, _3235, _3234, _3233, _3232, _3231, _3230, _3229, _3228, _3227, _3226, _3225, _3224, _3223, _3222, _3221, _3220, _3219, _3218, _3217, _3216, _3215, _3214, _3213, _3212, _3211, _3210, _3209, _3208, _3207, _3206, _3205, _3204, _3203, _3202, _3201, _3200, _3199, _3198, _3197, _3196, _3195, _3194, _3193, _3192, _3191, _3190, _3189, _3188, _3187, _3186, _3185, _3184, _3183, _3182, _3181",,200,,
"_3180, _3179, _3178, _3177, _3176, _3175, _3174, _3173, _3172, _3171, _3170, _3169, _3168, _3167, _3166, _3165, _3164, _3163, _3162, _3161, _3160, _3159, _3158, _3157, _3156, _3155, _3154, _3153, _3152, _3151, _3150, _3149, _3148, _3147, _3146, _3145, _3144, _3143, _3142, _3141, _3140, _3139, _3138, _3137, _3136, _3135, _3134, _3133, _3132, _3131, _3130, _3129, _3128, _3127, _3126, _3125, _3124, _3123, _3122, _3121, _3120, _3119, _3118, _3117, _3116, _3115, _3114, _3113, _3112, _3111, _3110, _3109, _3108, _3107, _3106, _3105, _3104, _3103, _3102, _3101, _3100, _3099, _3098, _3097, _3096, _3095, _3094, _3093, _3092, _3091, _3090, _3089, _3088, _3087, _3086, _3085, _3084, _3083, _3082, _3081, _3080, _3079, _3078, _3077, _3076, _3075, _3074, _3073, _3072, _3071, _3070, _3069, _3068, _3067, _3066, _3065, _3064, _3063, _3062, _3061, _3060, _3059, _3058, _3057, _3056, _3055, _3054, _3053, _3052, _3051, _3050, _3049, _3048, _3047, _3046, _3045, _3044, _3043, _3042, _3041, _3040, _3039, _3038, _3037, _3036, _3035, _3034, _3033, _3032, _3031, _3030, _3029, _3028, _3027, _3026, _3025, _3024, _3023, _3022, _3021, _3020, _3019, _3018, _3017, _3016, _3015, _3014, _3013, _3012, _3011, _3010, _3009, _3008, _3007, _3006, _3005, _3004, _3003, _3002, _3001, _3000, _2999, _2998, _2997, _2996, _2995, _2994, _2993, _2992, _2991, _2990, _2989, _2988, _2987, _2986, _2985, _2984, _2983, _2982, _2981",,200,,
"_2980, _2979, _2978, _2977, _2976, _2975, _2974, _2973, _2972, _2971, _2970, _2969, _2968, _2967, _2966, _2965, _2964, _2963, _2962, _2961, _2960, _2959, _2958, _2957, _2956, _2955, _2954, _2953, _2952, _2951, _2950, _2949, _2948, _2947, _2946, _2945, _2944, _2943, _2942, _2941, _2940, _2939, _2938, _2937, _2936, _2935, _2934, _2933, _2932, _2931, _2930, _2929, _2928, _2927, _2926, _2925, _2924, _2923, _2922, _2921, _2920, _2919, _2918, _2917, _2916, _2915, _2914, _2913, _2912, _2911, _2910, _2909, _2908, _2907, _2906, _2905, _2904, _2903, _2902, _2901, _2900, _2899, _2898, _2897, _2896, _2895, _2894, _2893, _2892, _2891, _2890, _2889, _2888, _2887, _2886, _2885, _2884, _2883, _2882, _2881, _2880, _2879, _2878, _2877, _2876, _2875, _2874, _2873, _2872, _2871, _2870, _2869, _2868, _2867, _2866, _2865, _2864, _2863, _2862, _2861, _2860, _2859, _2858, _2857, _2856, _2855, _2854, _2853, _2852, _2851, _2850, _2849, _2848, _2847, _2846, _2845, _2844, _2843, _2842, _2841, _2840, _2839, _2838, _2837, _2836, _2835, _2834, _2833, _2832, _2831, _2830, _2829, _2828, _2827, _2826, _2825, _2824, _2823, _2822, _2821, _2820, _2819, _2818, _2817, _2816, _2815, _2814, _2813, _2812, _2811, _2810, _2809, _2808, _2807, _2806, _2805, _2804, _2803, _2802, _2801, _2800, _2799, _2798, _2797, _2796, _2795, _2794, _2793, _2792, _2791, _2790, _2789, _2788, _2787, _2786, _2785, _2784, _2783, _2782, _2781",,200,,
"_2780, _2779, _2778, _2777, _2776, _2775, _2774, _2773, _2772, _2771, _2770, _2769, _2768, _2767, _2766, _2765, _2764, _2763, _2762, _2761, _2760, _2759, _2758, _2757, _2756, _2755, _2754, _2753, _2752, _2751, _2750, _2749, _2748, _2747, _2746, _2745, _2744, _2743, _2742, _2741, _2740, _2739, _2738, _2737, _2736, _2735, _2734, _2733, _2732, _2731, _2730, _2729, _2728, _2727, _2726, _2725, _2724, _2723, _2722, _2721, _2720, _2719, _2718, _2717, _2716, _2715, _2714, _2713, _2712, _2711, _2710, _2709, _2708, _2707, _2706, _2705, _2704, _2703, _2702, _2701, _2700, _2699, _2698, _2697, _2696, _2695, _2694, _2693, _2692, _2691, _2690, _2689, _2688, _2687, _2686, _2685, _2684, _2683, _2682, _2681, _2680, _2679, _2678, _2677, _2676, _2675, _2674, _2673, _2672, _2671, _2670, _2669, _2668, _2667, _2666, _2665, _2664, _2663, _2662, _2661, _2660, _2659, _2658, _2657, _2656, _2655, _2654, _2653, _2652, _2651, _2650, _2649, _2648, _2647, _2646, _2645, _2644, _2643, _2642, _2641, _2640, _2639, _2638, _2637, _2636, _2635, _2634, _2633, _2632, _2631, _2630, _2629, _2628, _2627, _2626, _2625, _2624, _2623, _2622, _2621, _2620, _2619, _2618, _2617, _2616, _2615, _2614, _2613, _2612, _2611, _2610, _2609, _2608, _2607, _2606, _2605, _2604, _2603, _2602, _2601, _2600, _2599, _2598, _2597, _2596, _2595, _2594, _2593, _2592, _2591, _2590, _2589, _2588, _2587, _2586, _2585, _2584, _2583, _2582, _2581",,200,,
"_2580, _2579, _2578, _2577, _2576, _2575, _2574, _2573, _2572, _2571, _2570, _2569, _2568, _2567, _2566, _2565, _2564, _2563, _2562, _2561, _2560, _2559, _2558, _2557, _2556, _2555, _2554, _2553, _2552, _2551, _2550, _2549, _2548, _2547, _2546, _2545, _2544, _2543, _2542, _2541, _2540, _2539, _2538, _2537, _2536, _2535, _2534, _2533, _2532, _2531, _2530, _2529, _2528, _2527, _2526, _2525, _2524, _2523, _2522, _2521, _2520, _2519, _2518, _2517, _2516, _2515, _2514, _2513, _2512, _2511, _2510, _2509, _2508, _2507, _2506, _2505, _2504, _2503, _2502, _2501, _2500, _2499, _2498, _2497, _2496, _2495, _2494, _2493, _2492, _2491, _2490, _2489, _2488, _2487, _2486, _2485, _2484, _2483, _2482, _2481, _2480, _2479, _2478, _2477, _2476, _2475, _2474, _2473, _2472, _2471, _2470, _2469, _2468, _2467, _2466, _2465, _2464, _2463, _2462, _2461, _2460, _2459, _2458, _2457, _2456, _2455, _2454, _2453, _2452, _2451, _2450, _2449, _2448, _2447, _2446, _2445, _2444, _2443, _2442, _2441, _2440, _2439, _2438, _2437, _2436, _2435, _2434, _2433, _2432, _2431, _2430, _2429, _2428, _2427, _2426, _2425, _2424, _2423, _2422, _2421, _2420, _2419, _2418, _2417, _2416, _2415, _2414, _2413, _2412, _2411, _2410, _2409, _2408, _2407, _2406, _2405, _2404, _2403, _2402, _2401, _2400, _2399, _2398, _2397, _2396, _2395, _2394, _2393, _2392, _2391, _2390, _2389, _2388, _2387, _2386, _2385, _2384, _2383, _2382, _2381",,200,,
"_2380, _2379, _2378, _2377, _2376, _2375, _2374, _2373, _2372, _2371, _2370, _2369, _2368, _2367, _2366, _2365, _2364, _2363, _2362, _2361, _2360, _2359, _2358, _2357, _2356, _2355, _2354, _2353, _2352, _2351, _2350, _2349, _2348, _2347, _2346, _2345, _2344, _2343, _2342, _2341, _2340, _2339, _2338, _2337, _2336, _2335, _2334, _2333, _2332, _2331, _2330, _2329, _2328, _2327, _2326, _2325, _2324, _2323, _2322, _2321, _2320, _2319, _2318, _2317, _2316, _2315, _2314, _2313, _2312, _2311, _2310, _2309, _2308, _2307, _2306, _2305, _2304, _2303, _2302, _2301, _2300, _2299, _2298, _2297, _2296, _2295, _2294, _2293, _2292, _2291, _2290, _2289, _2288, _2287, _2286, _2285, _2284, _2283, _2282, _2281, _2280, _2279, _2278, _2277, _2276, _2275, _2274, _2273, _2272, _2271, _2270, _2269, _2268, _2267, _2266, _2265, _2264, _2263, _2262, _2261, _2260, _2259, _2258, _2257, _2256, _2255, _2254, _2253, _2252, _2251, _2250, _2249, _2248, _2247, _2246, _2245, _2244, _2243, _2242, _2241, _2240, _2239, _2238, _2237, _2236, _2235, _2234, _2233, _2232, _2231, _2230, _2229, _2228, _2227, _2226, _2225, _2224, _2223, _2222, _2221, _2220, _2219, _2218, _2217, _2216, _2215, _2214, _2213, _2212, _2211, _2210, _2209, _2208, _2207, _2206, _2205, _2204, _2203, _2202, _2201, _2200, _2199, _2198, _2197, _2196, _2195, _2194, _2193, _2192, _2191, _2190, _2189, _2188, _2187, _2186, _2185, _2184, _2183, _2182, _2181",,200,,
"_2180, _2179, _2178, _2177, _2176, _2175, _2174, _2173, _2172, _2171, _2170, _2169, _2168, _2167, _2166, _2165, _2164, _2163, _2162, _2161, _2160, _2159, _2158, _2157, _2156, _2155, _2154, _2153, _2152, _2151, _2150, _2149, _2148, _2147, _2146, _2145, _2144, _2143, _2142, _2141, _2140, _2139, _2138, _2137, _2136, _2135, _2134, _2133, _2132, _2131, _2130, _2129, _2128, _2127, _2126, _2125, _2124, _2123, _2122, _2121, _2120, _2119, _2118, _2117, _2116, _2115, _2114, _2113, _2112, _2111, _2110, _2109, _2108, _2107, _2106, _2105, _2104, _2103, _2102, _2101, _2100, _2099, _2098, _2097, _2096, _2095, _2094, _2093, _2092, _2091, _2090, _2089, _2088, _2087, _2086, _2085, _2084, _2083, _2082, _2081, _2080, _2079, _2078, _2077, _2076, _2075, _2074, _2073, _2072, _2071, _2070, _2069, _2068, _2067, _2066, _2065, _2064, _2063, _2062, _2061, _2060, _2059, _2058, _2057, _2056, _2055, _2054, _2053, _2052, _2051, _2050, _2049, _2048, _2047, _2046, _2045, _2044, _2043, _2042, _2041, _2040, _2039, _2038, _2037, _2036, _2035, _2034, _2033, _2032, _2031, _2030, _2029, _2028, _2027, _2026, _2025, _2024, _2023, _2022, _2021, _2020, _2019, _2018, _2017, _2016, _2015, _2014, _2013, _2012, _2011, _2010, _2009, _2008, _2007, _2006, _2005, _2004, _2003, _2002, _2001, _2000, _1999, _1998, _1997, _1996, _1995, _1994, _1993, _1992, _1991, _1990, _1989, _1988, _1987, _1986, _1985, _1984, _1983, _1982, _1981",,200,,
"_1980, _1979, _1978, _1977, _1976, _1975, _1974, _1973, _1972, _1971, _1970, _1969, _1968, _1967, _1966, _1965, _1964, _1963, _1962, _1961, _1960, _1959, _1958, _1957, _1956, _1955, _1954, _1953, _1952, _1951, _1950, _1949, _1948, _1947, _1946, _1945, _1944, _1943, _1942, _1941, _1940, _1939, _1938, _1937, _1936, _1935, _1934, _1933, _1932, _1931, _1930, _1929, _1928, _1927, _1926, _1925, _1924, _1923, _1922, _1921, _1920, _1919, _1918, _1917, _1916, _1915, _1914, _1913, _1912, _1911, _1910, _1909, _1908, _1907, _1906, _1905, _1904, _1903, _1902, _1901, _1900, _1899, _1898, _1897, _1896, _1895, _1894, _1893, _1892, _1891, _1890, _1889, _1888, _1887, _1886, _1885, _1884, _1883, _1882, _1881, _1880, _1879, _1878, _1877, _1876, _1875, _1874, _1873, _1872, _1871, _1870, _1869, _1868, _1867, _1866, _1865, _1864, _1863, _1862, _1861, _1860, _1859, _1858, _1857, _1856, _1855, _1854, _1853, _1852, _1851, _1850, _1849, _1848, _1847, _1846, _1845, _1844, _1843, _1842, _1841, _1840, _1839, _1838, _1837, _1836, _1835, _1834, _1833, _1832, _1831, _1830, _1829, _1828, _1827, _1826, _1825, _1824, _1823, _1822, _1821, _1820, _1819, _1818, _1817, _1816, _1815, _1814, _1813, _1812, _1811, _1810, _1809, _1808, _1807, _1806, _1805, _1804, _1803, _1802, _1801, _1800, _1799, _1798, _1797, _1796, _1795, _1794, _1793, _1792, _1791, _1790, _1789, _1788, _1787, _1786, _1785, _1784, _1783, _1782, _1781",,200,,
"_1780, _1779, _1778, _1777, _1776, _1775, _1774, _1773, _1772, _1771, _1770, _1769, _1768, _1767, _1766, _1765, _1764, _1763, _1762, _1761, _1760, _1759, _1758, _1757, _1756, _1755, _1754, _1753, _1752, _1751, _1750, _1749, _1748, _1747, _1746, _1745, _1744, _1743, _1742, _1741, _1740, _1739, _1738, _1737, _1736, _1735, _1734, _1733, _1732, _1731, _1730, _1729, _1728, _1727, _1726, _1725, _1724, _1723, _1722, _1721, _1720, _1719, _1718, _1717, _1716, _1715, _1714, _1713, _1712, _1711, _1710, _1709, _1708, _1707, _1706, _1705, _1704, _1703, _1702, _1701, _1700, _1699, _1698, _1697, _1696, _1695, _1694, _1693, _1692, _1691, _1690, _1689, _1688, _1687, _1686, _1685, _1684, _1683, _1682, _1681, _1680, _1679, _1678, _1677, _1676, _1675, _1674, _1673, _1672, _1671, _1670, _1669, _1668, _1667, _1666, _1665, _1664, _1663, _1662, _1661, _1660, _1659, _1658, _1657, _1656, _1655, _1654, _1653, _1652, _1651, _1650, _1649, _1648, _1647, _1646, _1645, _1644, _1643, _1642, _1641, _1640, _1639, _1638, _1637, _1636, _1635, _1634, _1633, _1632, _1631, _1630, _1629, _1628, _1627, _1626, _1625, _1624, _1623, _1622, _1621, _1620, _1619, _1618, _1617, _1616, _1615, _1614, _1613, _1612, _1611, _1610, _1609, _1608, _1607, _1606, _1605, _1604, _1603, _1602, _1601, _1600, _1599, _1598, _1597, _1596, _1595, _1594, _1593, _1592, _1591, _1590, _1589, _1588, _1587, _1586, _1585, _1584, _1583, _1582, _1581",,200,,
"_1580, _1579, _1578, _1577, _1576, _1575, _1574, _1573, _1572, _1571, _1570, _1569, _1568, _1567, _1566, _1565, _1564, _1563, _1562, _1561, _1560, _1559, _1558, _1557, _1556, _1555, _1554, _1553, _1552, _1551, _1550, _1549, _1548, _1547, _1546, _1545, _1544, _1543, _1542, _1541, _1540, _1539, _1538, _1537, _1536, _1535, _1534, _1533, _1532, _1531, _1530, _1529, _1528, _1527, _1526, _1525, _1524, _1523, _1522, _1521, _1520, _1519, _1518, _1517, _1516, _1515, _1514, _1513, _1512, _1511, _1510, _1509, _1508, _1507, _1506, _1505, _1504, _1503, _1502, _1501, _1500, _1499, _1498, _1497, _1496, _1495, _1494, _1493, _1492, _1491, _1490, _1489, _1488, _1487, _1486, _1485, _1484, _1483, _1482, _1481, _1480, _1479, _1478, _1477, _1476, _1475, _1474, _1473, _1472, _1471, _1470, _1469, _1468, _1467, _1466, _1465, _1464, _1463, _1462, _1461, _1460, _1459, _1458, _1457, _1456, _1455, _1454, _1453, _1452, _1451, _1450, _1449, _1448, _1447, _1446, _1445, _1444, _1443, _1442, _1441, _1440, _1439, _1438, _1437, _1436, _1435, _1434, _1433, _1432, _1431, _1430, _1429, _1428, _1427, _1426, _1425, _1424, _1423, _1422, _1421, _1420, _1419, _1418, _1417, _1416, _1415, _1414, _1413, _1412, _1411, _1410, _1409, _1408, _1407, _1406, _1405, _1404, _1403, _1402, _1401, _1400, _1399, _1398, _1397, _1396, _1395, _1394, _1393, _1392, _1391, _1390, _1389, _1388, _1387, _1386, _1385, _1384, _1383, _1382, _1381",,200,,
"_1380, _1379, _1378, _1377, _1376, _1375, _1374, _1373, _1372, _1371, _1370, _1369, _1368, _1367, _1366, _1365, _1364, _1363, _1362, _1361, _1360, _1359, _1358, _1357, _1356, _1355, _1354, _1353, _1352, _1351, _1350, _1349, _1348, _1347, _1346, _1345, _1344, _1343, _1342, _1341, _1340, _1339, _1338, _1337, _1336, _1335, _1334, _1333, _1332, _1331, _1330, _1329, _1328, _1327, _1326, _1325, _1324, _1323, _1322, _1321, _1320, _1319, _1318, _1317, _1316, _1315, _1314, _1313, _1312, _1311, _1310, _1309, _1308, _1307, _1306, _1305, _1304, _1303, _1302, _1301, _1300, _1299, _1298, _1297, _1296, _1295, _1294, _1293, _1292, _1291, _1290, _1289, _1288, _1287, _1286, _1285, _1284, _1283, _1282, _1281, _1280, _1279, _1278, _1277, _1276, _1275, _1274, _1273, _1272, _1271, _1270, _1269, _1268, _1267, _1266, _1265, _1264, _1263, _1262, _1261, _1260, _1259, _1258, _1257, _1256, _1255, _1254, _1253, _1252, _1251, _1250, _1249, _1248, _1247, _1246, _1245, _1244, _1243, _1242, _1241, _1240, _1239, _1238, _1237, _1236, _1235, _1234, _1233, _1232, _1231, _1230, _1229, _1228, _1227, _1226, _1225, _1224, _1223, _1222, _1221, _1220, _1219, _1218, _1217, _1216, _1215, _1214, _1213, _1212, _1211, _1210, _1209, _1208, _1207, _1206, _1205, _1204, _1203, _1202, _1201, _1200, _1199, _1198, _1197, _1196, _1195, _1194, _1193, _1192, _1191, _1190, _1189, _1188, _1187, _1186, _1185, _1184, _1183, _1182, _1181",,200,,
"_1180, _1179, _1178, _1177, _1176, _1175, _1174, _1173, _1172, _1171, _1170, _1169, _1168, _1167, _1166, _1165, _1164, _1163, _1162, _1161, _1160, _1159, _1158, _1157, _1156, _1155, _1154, _1153, _1152, _1151, _1150, _1149, _1148, _1147, _1146, _1145, _1144, _1143, _1142, _1141, _1140, _1139, _1138, _1137, _1136, _1135, _1134, _1133, _1132, _1131, _1130, _1129, _1128, _1127, _1126, _1125, _1124, _1123, _1122, _1121, _1120, _1119, _1118, _1117, _1116, _1115, _1114, _1113, _1112, _1111, _1110, _1109, _1108, _1107, _1106, _1105, _1104, _1103, _1102, _1101, _1100, _1099, _1098, _1097, _1096, _1095, _1094, _1093, _1092, _1091, _1090, _1089, _1088, _1087, _1086, _1085, _1084, _1083, _1082, _1081, _1080, _1079, _1078, _1077, _1076, _1075, _1074, _1073, _1072, _1071, _1070, _1069, _1068, _1067, _1066, _1065, _1064, _1063, _1062, _1061, _1060, _1059, _1058, _1057, _1056, _1055, _1054, _1053, _1052, _1051, _1050, _1049, _1048, _1047, _1046, _1045, _1044, _1043, _1042, _1041, _1040, _1039, _1038, _1037, _1036, _1035, _1034, _1033, _1032, _1031, _1030, _1029, _1028, _1027, _1026, _1025, _1024, _1023, _1022, _1021, _1020, _1019, _1018, _1017, _1016, _1015, _1014, _1013, _1012, _1011, _1010, _1009, _1008, _1007, _1006, _1005, _1004, _1003, _1002, _1001, _1000, _999, _998, _997, _996, _995, _994, _993, _992, _991, _990, _989, _988, _987, _986, _985, _984, _983, _982, _981",,200,,
"_980, _979, _978, _977, _976, _975, _974, _973, _972, _971, _970, _969, _968, _967, _966, _965, _964, _963, _962, _961, _960, _959, _958, _957, _956, _955, _954, _953, _952, _951, _950, _949, _948, _947, _946, _945, _944, _943, _942, _941, _940, _939, _938, _937, _936, _935, _934, _933, _932, _931, _930, _929, _928, _927, _926, _925, _924, _923, _922, _921, _920, _919, _918, _917, _916, _915, _914, _913, _912, _911, _910, _909, _908, _907, _906, _905, _904, _903, _902, _901, _900, _899, _898, _897, _896, _895, _894, _893, _892, _891, _890, _889, _888, _887, _886, _885, _884, _883, _882, _881, _880, _879, _878, _877, _876, _875, _874, _873, _872, _871, _870, _869, _868, _867, _866, _865, _864, _863, _862, _861, _860, _859, _858, _857, _856, _855, _854, _853, _852, _851, _850, _849, _848, _847, _846, _845, _844, _843, _842, _841, _840, _839, _838, _837, _836, _835, _834, _833, _832, _831, _830, _829, _828, _827, _826, _825, _824, _823, _822, _821, _820, _819, _818, _817, _816, _815, _814, _813, _812, _811, _810, _809, _808, _807, _806, _805, _804, _803, _802, _801, _800, _799, _798, _797, _796, _795, _794, _793, _792, _791, _790, _789, _788, _787, _786, _785, _784, _783, _782, _781",,200,,
"_780, _779, _778, _777, _776, _775, _774, _773, _772, _771, _770, _769, _768, _767, _766, _765, _764, _763, _762, _761, _760, _759, _758, _757, _756, _755, _754, _753, _752, _751, _750, _749, _748, _747, _746, _745, _744, _743, _742, _741, _740, _739, _738, _737, _736, _735, _734, _733, _732, _731, _730, _729, _728, _727, _726, _725, _724, _723, _722, _721, _720, _719, _718, _717, _716, _715, _714, _713, _712, _711, _710, _709, _708, _707, _706, _705, _704, _703, _702, _701, _700, _699, _698, _697, _696, _695, _694, _693, _692, _691, _690, _689, _688, _687, _686, _685, _684, _683, _682, _681, _680, _679, _678, _677, _676, _675, _674, _673, _672, _671, _670, _669, _668, _667, _666, _665, _664, _663, _662, _661, _660, _659, _658, _657, _656, _655, _654, _653, _652, _651, _650, _649, _648, _647, _646, _645, _644, _643, _642, _641, _640, _639, _638, _637, _636, _635, _634, _633, _632, _631, _630, _629, _628, _627, _626, _625, _624, _623, _622, _621, _620, _619, _618, _617, _616, _615, _614, _613, _612, _611, _610, _609, _608, _607, _606, _605, _604, _603, _602, _601, _600, _599, _598, _597, _596, _595, _594, _593, _592, _591, _590, _589, _588, _587, _586, _585, _584, _583, _582, _581",,200,,
"_580, _579, _578, _577, _576, _575, _574, _573, _572, _571, _570, _569, _568, _567, _566, _565, _564, _563, _562, _561, _560, _559, _558, _557, _556, _555, _554, _553, _552, _551, _550, _549, _548, _547, _546, _545, _544, _543, _542, _541, _540, _539, _538, _537, _536, _535, _534, _533, _532, _531, _530, _529, _528, _527, _526, _525, _524, _523, _522, _521, _520, _519, _518, _517, _516, _515, _514, _513, _512, _511, _510, _509, _508, _507, _506, _505, _504, _503, _502, _501, _500, _499, _498, _497, _496, _495, _494, _493, _492, _491, _490, _489, _488, _487, _486, _485, _484, _483, _482, _481, _480, _479, _478, _477, _476, _475, _474, _473, _472, _471, _470, _469, _468, _467, _466, _465, _464, _463, _462, _461, _460, _459, _458, _457, _456, _455, _454, _453, _452, _451, _450, _449, _448, _447, _446, _445, _444, _443, _442, _441, _440, _439, _438, _437, _436, _435, _434, _433, _432, _431, _430, _429, _428, _427, _426, _425, _424, _423, _422, _421, _420, _419, _418, _417, _416, _415, _414, _413, _412, _411, _410, _409, _408, _407, _406, _405, _404, _403, _402, _401, _400, _399, _398, _397, _396, _395, _394, _393, _392, _391, _390, _389, _388, _387, _386, _385, _384, _383, _382, _381",,200,,
"_380, _379, _378, _377, _376, _375, _374, _373, _372, _371, _370, _369, _368, _367, _366, _365, _364, _363, _362, _361, _360, _359, _358, _357, _356, _355, _354, _353, _352, _351, _350, _349, _348, _347, _346, _345, _344, _343, _342, _341, _340, _339, _338, _337, _336, _335, _334, _333, _332, _331, _330, _329, _328, _327, _326, _325, _324, _323, _322, _321, _320, _319, _318, _317, _316, _315, _314, _313, _312, _311, _310, _309, _308, _307, _306, _305, _304, _303, _302, _301, _300, _299, _298, _297, _296, _295, _294, _293, _292, _291, _290, _289, _288, _287, _286, _285, _284, _283, _282, _281, _280, _279, _278, _277, _276, _275, _274, _273, _272, _271, _270, _269, _268, _267, _266, _265, _264, _263, _262, _261, _260, _259, _258, _257, _256, _255, _254, _253, _252, _251, _250, _249, _248, _247, _246, _245, _244, _243, _242, _241, _240, _239, _238, _237, _236, _235, _234, _233, _232, _231, _230, _229, _228, _227, _226, _225, _224, _223, _222, _221, _220, _219, _218, _217, _216, _215, _214, _213, _212, _211, _210, _209, _208, _207, _206, _205, _204, _203, _202, _201, _200, _199, _198, _197, _196, _195, _194, _193, _192, _191, _190, _189, _188, _187, _186, _185, _184, _183, _182, _181",,200,,
"_180, _179, _178, _177, _176, _175, _174, _173, _172, _171, _170, _169, _168, _167, _166, _165, _164, _163, _162, _161, _160, _159, _158, _157, _156, _155, _154, _153, _152, _151, _150, _149, _148, _147, _146, _145, _144, _143, _142, _141, _140, _139, _138, _137, _136, _135, _134, _133, _132, _131, _130, _129, _128, _127, _126, _125, _124, _123, _122, _121, _120, _119, _118, _117, _116, _115, _114, _113, _112, _111, _110, _109, _108, _107, _106, _105, _104, _103, _102, _101, _100, _99, _98, _97, _96, _95, _94, _93, _92, _91, _90, _89, _88, _87, _86, _85, _84, _83, _82, _81, _80, _79, _78, _77, _76, _75, _74, _73, _72, _71, _70, _69, _68, _67, _66, _65, _64, _63, _62, _61, _60, _59, _58, _57, _56, _55, _54, _53, _52, _51, _50, _49, _48, _47, _46, _45, _44, _43, _42, _41, _40, _39, _38, _37, _36, _35, _34, _33, _32, _31, _30, _29, _28, _27, _26, _25, _24, _23, _22, _21, _20, _19, _18, _17, _16, _15, _14, _13, _12, _11, _10, _9, _8, _7, _6, _5, _4, _3, _2, ",,180,,
BT1,BAT_2460,1,2460,
"C1_2, C2_2",C_Disc_D5.0mm_W2.5mm_P5.00mm,2,18pF,
"C1, C10, C11, C2, C3_2, C4_2, C5_2, C6_2, C9",0805,9,100nF,
"C3, C7",0805,2,1uF,
"C4, C5, C6",0805,3,22uF,
C8,1206,1,1uF,
D1_2,Nexperia_CFP3_SOD-123W,1,1N4148,
D1,0201,1,LED,
"F1_2, F1",FUS_MF-R075_BRN,2,MF-R075,
FB2,IND_BOURNS_MH2029,1,30R 3A,MH2029-300Y
"J1_2, J2_3",PinHeader_1x04_P2.54mm_Vertical,2,Conn_01x04_Pin,
"J1, J3",SAMESKY_UJ20-C-H-G-SMT-1-P16-TR,2,UJ20-C-H-G-SMT-1-P16-TR,
J2_2,ASSMANN_A-DF_09_A_KG-T4S,1,A-DF_09_A_KG-T4S,
J2,JST_XH_S2B-XH-A_1x02_P2.50mm_Horizontal,1,Conn_01x02,
J3_2,OPTO_HCNR200-500E,1,Conn_02x04_Row_Letter_First,
L1,R_Bare_Metal_Element_L21.3mm_W4.8mm_P20.30mm,1,1uH,
"R1_2, R10_2, R10, R4, R5, R7_2, R8_2, R9_2",1206,8,10K,
"R1, R4_2",1206,2,1M,
R11,1206,1,560K,
R12,1206,1,100K,
"R2_2, R2, R3_2, R3",1206,4,56K,
"R5_2, R6_2",1206,2,22,
R6,0603,1,62K +- 1%,
R7,1206,1,1K,
R8,1206,1,24K,
R9,R_Bare_Metal_Element_L21.3mm_W4.8mm_P20.30mm,1,103AT-2,
SW2,SW6_OS202011MA0QS1_CNK,1,OS202011MA0QS1,
U1_2,TQFP-44-1EP_10x10mm_P0.8mm_EP4.5x4.5mm,1,ATMEGA32U4-AU,
U1,IC_BQ25172DSGR,1,BQ25172DSGR,
U2,QFN-11_MP28164_MNP,1,MP28164GD-Z,
Y1,XTAL_ABLS2-8.000MHZ-D4Y-T,1,10MHz,
